{"_timestamp":1.7738471845881119e+09,"_step":20,"train/loss":NaN,"train/accuracy":0.29375,"train/learning_rate":1.6000000000000003e-05,"epoch":1,"_wandb":{"runtime":2005},"_runtime":2005.658475041}